{"simple": [5.276167041010922, 5.463786292006262, 5.494103750010254, 0.5558489579998422, 5.574033875000168], "multiprocessing": [5.48404916599975, 6.182747750000999], "concurrentFutures": [5.4594720829918515, 5.177435166988289, 6.52106300000014]}